DATE,DPSACBW027NBOG
1973-01-03,613.6740
1973-01-10,596.5820
1973-01-17,597.5670
1973-01-24,589.7440
1973-01-31,596.4680
1973-02-07,589.6730
1973-02-14,598.1090
1973-02-21,602.9220
1973-02-28,605.1180
1973-03-07,601.0750
1973-03-14,603.5740
1973-03-21,600.7110
1973-03-28,602.8120
1973-04-04,611.8190
1973-04-11,609.4780
1973-04-18,613.4790
1973-04-25,610.2000
1973-05-02,618.5240
1973-05-09,609.6330
1973-05-16,618.2610
1973-05-23,609.5560
1973-05-30,618.1890
1973-06-06,618.4340
1973-06-13,620.4070
1973-06-20,624.7100
1973-06-27,621.0040
1973-07-04,639.4440
1973-07-11,628.0400
1973-07-18,628.6140
1973-07-25,625.3540
1973-08-01,637.1240
1973-08-08,627.9790
1973-08-15,637.6740
1973-08-22,625.6810
1973-08-29,624.4620
1973-09-05,640.0890
1973-09-12,639.8470
1973-09-19,636.6870
1973-09-26,635.5920
1973-10-03,643.4070
1973-10-10,648.4860
1973-10-17,643.6100
1973-10-24,648.0230
1973-10-31,652.2350
1973-11-07,656.3420
1973-11-14,651.3900
1973-11-21,643.7670
1973-11-28,644.5780
1973-12-05,651.8050
1973-12-12,658.3500
1973-12-19,663.1500
1973-12-26,660.1840
1974-01-02,689.5270
1974-01-09,667.0990
1974-01-16,669.7140
1974-01-23,657.0640
1974-01-30,658.6800
1974-02-06,659.9530
1974-02-13,666.9770
1974-02-20,667.9410
1974-02-27,658.7700
1974-03-06,665.6860
1974-03-13,663.6600
1974-03-20,666.6820
1974-03-27,667.5490
1974-04-03,680.2890
1974-04-10,682.4830
1974-04-17,691.2750
1974-04-24,676.2600
1974-05-01,691.0590
1974-05-08,681.6590
1974-05-15,691.6340
1974-05-22,681.9490
1974-05-29,689.9940
1974-06-05,691.3560
1974-06-12,691.3270
1974-06-19,696.5950
1974-06-26,695.8390
1974-07-03,708.4970
1974-07-10,699.1710
1974-07-17,699.6460
1974-07-24,692.6200
1974-07-31,703.0440
1974-08-07,696.9560
1974-08-14,697.5830
1974-08-21,692.9740
1974-08-28,694.9560
1974-09-04,712.4010
1974-09-11,705.0480
1974-09-18,703.1210
1974-09-25,699.4920
1974-10-02,709.5010
1974-10-09,703.0240
1974-10-16,723.8960
1974-10-23,704.4690
1974-10-30,707.5510
1974-11-06,719.2320
1974-11-13,718.3000
1974-11-20,709.0290
1974-11-27,717.9130
1974-12-04,720.4970
1974-12-11,720.5090
1974-12-18,728.3000
1974-12-25,729.4050
1975-01-01,757.8750
1975-01-08,732.7800
1975-01-15,730.7740
1975-01-22,715.7730
1975-01-29,709.1680
1975-02-05,718.8210
1975-02-12,712.0170
1975-02-19,719.8840
1975-02-26,708.8890
1975-03-05,724.8440
1975-03-12,722.8870
1975-03-19,720.2310
1975-03-26,719.1950
1975-04-02,730.7920
1975-04-09,729.1180
1975-04-16,736.0850
1975-04-23,722.3980
1975-04-30,730.6590
1975-05-07,724.1530
1975-05-14,728.0860
1975-05-21,724.1270
1975-05-28,732.8670
1975-06-04,739.7020
1975-06-11,739.7960
1975-06-18,743.4780
1975-06-25,733.7490
1975-07-02,747.3040
1975-07-09,741.5780
1975-07-16,740.9850
1975-07-23,730.2240
1975-07-30,730.8580
1975-08-06,736.6000
1975-08-13,732.6160
1975-08-20,731.3840
1975-08-27,731.2130
1975-09-03,748.7860
1975-09-10,741.3830
1975-09-17,743.4700
1975-09-24,733.3520
1975-10-01,752.2840
1975-10-08,747.9400
1975-10-15,764.6890
1975-10-22,745.0280
1975-10-29,743.3690
1975-11-05,761.6100
1975-11-12,766.9670
1975-11-19,747.8440
1975-11-26,760.1200
1975-12-03,762.4010
1975-12-10,761.0080
1975-12-17,770.8280
1975-12-24,768.7770
1975-12-31,794.3700
1976-01-07,776.9110
1976-01-14,768.9010
1976-01-21,761.0270
1976-01-28,751.8380
1976-02-04,763.6540
1976-02-11,756.9710
1976-02-18,773.8810
1976-02-25,750.0750
1976-03-03,764.8050
1976-03-10,763.6140
1976-03-17,768.0970
1976-03-24,760.5100
1976-03-31,775.6590
1976-04-07,773.5010
1976-04-14,777.1160
1976-04-21,770.5650
1976-04-28,761.8970
1976-05-05,771.7670
1976-05-12,766.9970
1976-05-19,764.2740
1976-05-26,764.5830
1976-06-02,784.2450
1976-06-09,771.3300
1976-06-16,790.5000
1976-06-23,776.2110
1976-06-30,797.2270
1976-07-07,797.7200
1976-07-14,786.1410
1976-07-21,781.7590
1976-07-28,773.3900
1976-08-04,784.9690
1976-08-11,777.9070
1976-08-18,777.3470
1976-08-25,772.5570
1976-09-01,785.4630
1976-09-08,791.4740
1976-09-15,799.3280
1976-09-22,783.4770
1976-09-29,789.1470
1976-10-06,802.2480
1976-10-13,806.6360
1976-10-20,797.1410
1976-10-27,792.3610
1976-11-03,811.4730
1976-11-10,798.6780
1976-11-17,803.8100
1976-11-24,805.2800
1976-12-01,821.2990
1976-12-08,812.3270
1976-12-15,837.9440
1976-12-22,833.0930
1976-12-29,831.7570
1977-01-05,843.8960
1977-01-12,830.5680
1977-01-19,823.9230
1977-01-26,810.7840
1977-02-02,819.4480
1977-02-09,808.9400
1977-02-16,815.5100
1977-02-23,818.7280
1977-03-02,824.9770
1977-03-09,817.7630
1977-03-16,836.1310
1977-03-23,821.7330
1977-03-30,829.8710
1977-04-06,844.2540
1977-04-13,843.0720
1977-04-20,840.5950
1977-04-27,832.1470
1977-05-04,841.2370
1977-05-11,831.9760
1977-05-18,839.9290
1977-05-25,833.5210
1977-06-01,861.3930
1977-06-08,846.1500
1977-06-15,870.8710
1977-06-22,847.0970
1977-06-29,850.9200
1977-07-06,876.0630
1977-07-13,860.0370
1977-07-20,861.5490
1977-07-27,854.0510
1977-08-03,865.8110
1977-08-10,855.8470
1977-08-17,859.7280
1977-08-24,850.2810
1977-08-31,869.7320
1977-09-07,875.9110
1977-09-14,875.1090
1977-09-21,867.0250
1977-09-28,868.9620
1977-10-05,890.2620
1977-10-12,891.7340
1977-10-19,878.8730
1977-10-26,872.4990
1977-11-02,884.7210
1977-11-09,894.1060
1977-11-16,898.9940
1977-11-23,885.7830
1977-11-30,898.6150
1977-12-07,896.3500
1977-12-14,909.3410
1977-12-21,918.2680
1977-12-28,926.0250
1978-01-04,939.5040
1978-01-11,912.8710
1978-01-18,911.4540
1978-01-25,895.5120
1978-02-01,907.8710
1978-02-08,903.1450
1978-02-15,910.1050
1978-02-22,912.2910
1978-03-01,919.2070
1978-03-08,907.6600
1978-03-15,928.2390
1978-03-22,914.5690
1978-03-29,915.3160
1978-04-05,943.5410
1978-04-12,933.3370
1978-04-19,938.5750
1978-04-26,927.0250
1978-05-03,936.2270
1978-05-10,928.5400
1978-05-17,932.5930
1978-05-24,925.0330
1978-05-31,964.1330
1978-06-07,944.8520
1978-06-14,952.3700
1978-06-21,950.5640
1978-06-28,947.6630
1978-07-05,984.5620
1978-07-12,957.8510
1978-07-19,954.2810
1978-07-26,945.0600
1978-08-02,957.0720
1978-08-09,948.2900
1978-08-16,960.5290
1978-08-23,946.0440
1978-08-30,952.4460
1978-09-06,980.9510
1978-09-13,971.6100
1978-09-20,973.6900
1978-09-27,970.4910
1978-10-04,987.8240
1978-10-11,986.3060
1978-10-18,977.3050
1978-10-25,972.5660
1978-11-01,988.3480
1978-11-08,996.7760
1978-11-15,998.6740
1978-11-22,988.4050
1978-11-29,983.1060
1978-12-06,998.8720
1978-12-13,1002.3210
1978-12-20,1014.3600
1978-12-27,1023.2450
1979-01-03,1040.3260
1979-01-10,1013.3470
1979-01-17,1013.5400
1979-01-24,981.7300
1979-01-31,993.5140
1979-02-07,989.1610
1979-02-14,994.9460
1979-02-21,1007.6030
1979-02-28,1002.6570
1979-03-07,994.6180
1979-03-14,999.2790
1979-03-21,991.9470
1979-03-28,994.6260
1979-04-04,1022.8340
1979-04-11,1019.3190
1979-04-18,1016.2590
1979-04-25,998.7810
1979-05-02,1009.6120
1979-05-09,995.5830
1979-05-16,1006.0060
1979-05-23,991.3150
1979-05-30,1013.4480
1979-06-06,1008.4580
1979-06-13,1017.8960
1979-06-20,1018.1860
1979-06-27,1015.5610
1979-07-04,1049.2120
1979-07-11,1031.4240
1979-07-18,1025.0040
1979-07-25,1014.4250
1979-08-01,1031.2550
1979-08-08,1018.4110
1979-08-15,1031.0740
1979-08-22,1017.4970
1979-08-29,1021.4680
1979-09-05,1062.1380
1979-09-12,1052.8570
1979-09-19,1055.1470
1979-09-26,1043.6990
1979-10-03,1074.5560
1979-10-10,1080.3550
1979-10-17,1068.8090
1979-10-24,1043.6170
1979-10-31,1063.7840
1979-11-07,1068.9360
1979-11-14,1083.2220
1979-11-21,1065.7420
1979-11-28,1059.7680
1979-12-05,1083.9780
1979-12-12,1080.1540
1979-12-19,1085.9160
1979-12-26,1077.1920
1980-01-02,1119.5760
1980-01-09,1089.7160
1980-01-16,1093.6730
1980-01-23,1068.7030
1980-01-30,1063.9150
1980-02-06,1083.0120
1980-02-13,1088.9350
1980-02-20,1096.8660
1980-02-27,1070.4770
1980-03-05,1096.8760
1980-03-12,1087.9980
1980-03-19,1091.3040
1980-03-26,1076.0590
1980-04-02,1108.2230
1980-04-09,1104.4020
1980-04-16,1108.5220
1980-04-23,1089.0390
1980-04-30,1104.5010
1980-05-07,1092.2250
1980-05-14,1093.1100
1980-05-21,1085.0480
1980-05-28,1100.0620
1980-06-04,1106.8420
1980-06-11,1101.0820
1980-06-18,1103.7070
1980-06-25,1089.4270
1980-07-02,1124.5000
1980-07-09,1113.6610
1980-07-16,1120.2910
1980-07-23,1096.8840
1980-07-30,1095.5730
1980-08-06,1111.3320
1980-08-13,1108.1190
1980-08-20,1116.7640
1980-08-27,1105.8630
1980-09-03,1147.1580
1980-09-10,1133.5950
1980-09-17,1136.3270
1980-09-24,1121.1500
1980-10-01,1152.3390
1980-10-08,1147.5180
1980-10-15,1182.3850
1980-10-22,1139.6700
1980-10-29,1139.1420
1980-11-05,1183.5430
1980-11-12,1193.3570
1980-11-19,1163.8980
1980-11-26,1174.0510
1980-12-03,1188.9640
1980-12-10,1179.9530
1980-12-17,1192.5120
1980-12-24,1201.3400
1980-12-31,1237.2430
1981-01-07,1219.6290
1981-01-14,1209.0980
1981-01-21,1190.5980
1981-01-28,1178.8670
1981-02-04,1201.8900
1981-02-11,1194.7970
1981-02-18,1216.7630
1981-02-25,1186.8910
1981-03-04,1213.3130
1981-03-11,1206.1890
1981-03-18,1207.1420
1981-03-25,1192.9900
1981-04-01,1231.7850
1981-04-08,1222.8370
1981-04-15,1248.3070
1981-04-22,1221.4050
1981-04-29,1212.0960
1981-05-06,1225.9480
1981-05-13,1220.2780
1981-05-20,1218.2460
1981-05-27,1234.1740
1981-06-03,1247.3120
1981-06-10,1244.9270
1981-06-17,1249.6300
1981-06-24,1233.5050
1981-07-01,1267.4400
1981-07-08,1249.9660
1981-07-15,1262.3670
1981-07-22,1232.3110
1981-07-29,1215.8580
1981-08-05,1265.3680
1981-08-12,1251.9180
1981-08-19,1252.2390
1981-08-26,1244.1440
1981-09-02,1262.6730
1981-09-09,1274.0770
1981-09-16,1277.4740
1981-09-23,1250.1440
1981-09-30,1292.4400
1981-10-07,1231.0260
1981-10-14,1250.7710
1981-10-21,1219.1650
1981-10-28,1213.2730
1981-11-04,1248.4320
1981-11-11,1239.0720
1981-11-18,1237.9760
1981-11-25,1242.5670
1981-12-02,1264.4980
1981-12-09,1244.5900
1981-12-16,1265.0660
1981-12-23,1270.8460
1981-12-30,1277.5760
1982-01-06,1287.6580
1982-01-13,1264.5660
1982-01-20,1257.2800
1982-01-27,1240.2100
1982-02-03,1262.4830
1982-02-10,1245.1050
1982-02-17,1275.6640
1982-02-24,1245.7780
1982-03-03,1270.5240
1982-03-10,1259.4760
1982-03-17,1262.1320
1982-03-24,1253.9220
1982-03-31,1281.3130
1982-04-07,1289.1520
1982-04-14,1288.2750
1982-04-21,1274.3180
1982-04-28,1259.1610
1982-05-05,1282.6420
1982-05-12,1273.5840
1982-05-19,1273.0070
1982-05-26,1273.1140
1982-06-02,1316.3410
1982-06-09,1286.7740
1982-06-16,1297.6790
1982-06-23,1272.9340
1982-06-30,1313.0130
1982-07-07,1320.2430
1982-07-14,1301.3690
1982-07-21,1292.9780
1982-07-28,1293.1570
1982-08-04,1321.0670
1982-08-11,1306.8170
1982-08-18,1309.8330
1982-08-25,1306.7710
1982-09-01,1342.6140
1982-09-08,1342.7680
1982-09-15,1346.3010
1982-09-22,1315.9500
1982-09-29,1319.7190
1982-10-06,1342.9130
1982-10-13,1359.5840
1982-10-20,1340.7310
1982-10-27,1328.9710
1982-11-03,1370.6220
1982-11-10,1343.0400
1982-11-17,1345.1210
1982-11-24,1345.8560
1982-12-01,1371.9340
1982-12-08,1360.6040
1982-12-15,1386.4330
1982-12-22,1386.9640
1982-12-29,1394.3030
1983-01-05,1415.8150
1983-01-12,1392.4880
1983-01-19,1383.9330
1983-01-26,1369.7320
1983-02-02,1394.1120
1983-02-09,1377.7290
1983-02-16,1389.6300
1983-02-23,1396.3960
1983-03-02,1415.6490
1983-03-09,1394.6120
1983-03-16,1403.0420
1983-03-23,1389.5960
1983-03-30,1403.4640
1983-04-06,1424.5260
1983-04-13,1418.8000
1983-04-20,1415.3860
1983-04-27,1395.7640
1983-05-04,1419.0150
1983-05-11,1407.8050
1983-05-18,1407.3280
1983-05-25,1397.7240
1983-06-01,1456.8860
1983-06-08,1422.0020
1983-06-15,1447.3600
1983-06-22,1413.3310
1983-06-29,1427.8600
1983-07-06,1466.8810
1983-07-13,1433.0930
1983-07-20,1426.6080
1983-07-27,1422.1100
1983-08-03,1445.0140
1983-08-10,1431.0330
1983-08-17,1436.0760
1983-08-24,1423.7230
1983-08-31,1444.5510
1983-09-07,1462.4550
1983-09-14,1450.9380
1983-09-21,1435.1260
1983-09-28,1432.5050
1983-10-05,1467.9180
1983-10-12,1480.5870
1983-10-19,1453.5090
1983-10-26,1443.1400
1983-11-02,1467.3940
1983-11-09,1469.3740
1983-11-16,1477.8230
1983-11-23,1465.7980
1983-11-30,1484.7640
1983-12-07,1481.4540
1983-12-14,1486.6600
1983-12-21,1492.8980
1983-12-28,1508.9400
1984-01-04,1550.8250
1984-01-11,1505.8190
1984-01-18,1490.1520
1984-01-25,1466.7230
1984-02-01,1492.9680
1984-02-08,1475.2090
1984-02-15,1497.8340
1984-02-22,1488.9740
1984-02-29,1498.8230
1984-03-07,1495.9670
1984-03-14,1502.1880
1984-03-21,1488.0620
1984-03-28,1495.2310
1984-04-04,1530.2370
1984-04-11,1524.7030
1984-04-18,1522.4600
1984-04-25,1502.6660
1984-05-02,1523.2530
1984-05-09,1513.7190
1984-05-16,1533.5510
1984-05-23,1516.8190
1984-05-30,1542.3870
1984-06-06,1549.1090
1984-06-13,1545.3520
1984-06-20,1540.0340
1984-06-27,1534.7360
1984-07-04,1591.3940
1984-07-11,1556.2130
1984-07-18,1550.0800
1984-07-25,1537.7190
1984-08-01,1565.9760
1984-08-08,1553.0230
1984-08-15,1569.3110
1984-08-22,1541.4480
1984-08-29,1541.8560
1984-09-05,1588.7550
1984-09-12,1574.4570
1984-09-19,1559.0020
1984-09-26,1553.3670
1984-10-03,1583.6420
1984-10-10,1598.1100
1984-10-17,1572.6070
1984-10-24,1562.0420
1984-10-31,1582.8480
1984-11-07,1598.0350
1984-11-14,1607.9780
1984-11-21,1590.2300
1984-11-28,1582.5260
1984-12-05,1618.6230
1984-12-12,1610.4550
1984-12-19,1623.8300
1984-12-26,1636.1730
1985-01-02,1682.6940
1985-01-09,1628.0840
1985-01-16,1640.3980
1985-01-23,1612.0500
1985-01-30,1609.7360
1985-02-06,1623.6000
1985-02-13,1623.8190
1985-02-20,1641.8100
1985-02-27,1623.3670
1985-03-06,1639.5400
1985-03-13,1630.2930
1985-03-20,1634.4990
1985-03-27,1631.5830
1985-04-03,1671.0790
1985-04-10,1664.0710
1985-04-17,1671.4960
1985-04-24,1647.0520
1985-05-01,1676.5590
1985-05-08,1653.4560
1985-05-15,1677.6280
1985-05-22,1654.1090
1985-05-29,1670.4280
1985-06-05,1693.4090
1985-06-12,1687.7410
1985-06-19,1684.3770
1985-06-26,1669.6650
1985-07-03,1713.3500
1985-07-10,1687.5480
1985-07-17,1687.2470
1985-07-24,1674.3030
1985-07-31,1696.9570
1985-08-07,1695.9040
1985-08-14,1693.6360
1985-08-21,1691.0680
1985-08-28,1691.3140
1985-09-04,1747.5330
1985-09-11,1718.3120
1985-09-18,1712.3870
1985-09-25,1698.5670
1985-10-02,1744.4060
1985-10-09,1722.6190
1985-10-16,1758.1600
1985-10-23,1712.5420
1985-10-30,1721.4220
1985-11-06,1742.3720
1985-11-13,1757.7470
1985-11-20,1738.2250
1985-11-27,1758.4000
1985-12-04,1769.5400
1985-12-11,1758.9350
1985-12-18,1768.3420
1985-12-25,1777.4530
1986-01-01,1839.2560
1986-01-08,1781.6560
1986-01-15,1791.4980
1986-01-22,1771.4660
1986-01-29,1740.9370
1986-02-05,1774.3460
1986-02-12,1752.4230
1986-02-19,1782.5830
1986-02-26,1747.9160
1986-03-05,1785.5430
1986-03-12,1769.4080
1986-03-19,1768.8470
1986-03-26,1762.3990
1986-04-02,1803.0010
1986-04-09,1791.9740
1986-04-16,1812.9600
1986-04-23,1786.8560
1986-04-30,1800.0860
1986-05-07,1788.7110
1986-05-14,1788.0490
1986-05-21,1780.8310
1986-05-28,1807.5380
1986-06-04,1827.2520
1986-06-11,1809.4140
1986-06-18,1808.7570
1986-06-25,1796.1450
1986-07-02,1852.1550
1986-07-09,1833.4450
1986-07-16,1841.4570
1986-07-23,1811.9820
1986-07-30,1824.4430
1986-08-06,1840.1410
1986-08-13,1831.4460
1986-08-20,1840.4600
1986-08-27,1841.2290
1986-09-03,1888.2010
1986-09-10,1861.2450
1986-09-17,1859.3030
1986-09-24,1838.1860
1986-10-01,1892.2220
1986-10-08,1865.7460
1986-10-15,1910.2930
1986-10-22,1852.2460
1986-10-29,1852.6380
1986-11-05,1892.1130
1986-11-12,1915.2230
1986-11-19,1881.9030
1986-11-26,1904.8260
1986-12-03,1918.5950
1986-12-10,1907.9450
1986-12-17,1923.6720
1986-12-24,1945.5430
1986-12-31,2023.2420
1987-01-07,1955.7350
1987-01-14,1929.9170
1987-01-21,1934.1300
1987-01-28,1905.3780
1987-02-04,1925.0150
1987-02-11,1899.9580
1987-02-18,1932.8950
1987-02-25,1901.4430
1987-03-04,1934.1530
1987-03-11,1921.4790
1987-03-18,1920.8160
1987-03-25,1905.1190
1987-04-01,1963.4200
1987-04-08,1938.5400
1987-04-15,1992.2150
1987-04-22,1940.8070
1987-04-29,1926.9090
1987-05-06,1934.1130
1987-05-13,1921.1460
1987-05-20,1934.1790
1987-05-27,1946.8710
1987-06-03,1965.1630
1987-06-10,1947.7150
1987-06-17,1949.7260
1987-06-24,1930.9440
1987-07-01,1990.5630
1987-07-08,1953.2710
1987-07-15,1972.4080
1987-07-22,1932.4640
1987-07-29,1933.9930
1987-08-05,1965.5970
1987-08-12,1950.8710
1987-08-19,1948.9650
1987-08-26,1936.2740
1987-09-02,1966.5710
1987-09-09,1975.6460
1987-09-16,1968.3500
1987-09-23,1938.8270
1987-09-30,1976.7870
1987-10-07,1966.6010
1987-10-14,1995.4700
1987-10-21,1970.9990
1987-10-28,1976.6370
1987-11-04,2003.0560
1987-11-11,1993.1080
1987-11-18,1987.5060
1987-11-25,1980.4890
1987-12-02,1998.6590
1987-12-09,1984.0120
1987-12-16,2013.7210
1987-12-23,2006.4480
1987-12-30,2025.1480
1988-01-06,2038.1620
1988-01-13,2008.2620
1988-01-20,2025.2990
1988-01-27,1976.9390
1988-02-03,2008.6150
1988-02-10,1990.7090
1988-02-17,2025.5630
1988-02-24,1980.0880
1988-03-02,2014.4890
1988-03-09,2000.3250
1988-03-16,2021.8560
1988-03-23,1996.9710
1988-03-30,2010.7400
1988-04-06,2037.3780
1988-04-13,2034.4890
1988-04-20,2034.3640
1988-04-27,2016.4950
1988-05-04,2043.6550
1988-05-11,2020.7120
1988-05-18,2024.0630
1988-05-25,2013.4110
1988-06-01,2094.1210
1988-06-08,2045.4610
1988-06-15,2092.9780
1988-06-22,2034.0120
1988-06-29,2048.2710
1988-07-06,2099.0760
1988-07-13,2058.5960
1988-07-20,2054.7840
1988-07-27,2051.7390
1988-08-03,2080.7280
1988-08-10,2060.9240
1988-08-17,2068.1830
1988-08-24,2050.8590
1988-08-31,2075.7050
1988-09-07,2100.9370
1988-09-14,2084.3220
1988-09-21,2058.6850
1988-09-28,2059.7940
1988-10-05,2098.7150
1988-10-12,2112.1380
1988-10-19,2084.0730
1988-10-26,2071.0090
1988-11-02,2112.5290
1988-11-09,2095.3930
1988-11-16,2127.1370
1988-11-23,2103.5860
1988-11-30,2125.6170
1988-12-07,2124.2090
1988-12-14,2133.2310
1988-12-21,2126.3740
1988-12-28,2147.1550
1989-01-04,2192.7380
1989-01-11,2134.4140
1989-01-18,2149.0440
1989-01-25,2095.6660
1989-02-01,2137.3880
1989-02-08,2109.3030
1989-02-15,2135.0780
1989-02-22,2124.2430
1989-03-01,2163.7760
1989-03-08,2131.5380
1989-03-15,2165.4250
1989-03-22,2123.8870
1989-03-29,2126.6180
1989-04-05,2177.1510
1989-04-12,2162.1620
1989-04-19,2165.8600
1989-04-26,2137.5440
1989-05-03,2156.3860
1989-05-10,2131.5840
1989-05-17,2142.6660
1989-05-24,2124.6160
1989-05-31,2183.5290
1989-06-07,2160.8590
1989-06-14,2161.1940
1989-06-21,2141.4110
1989-06-28,2138.8090
1989-07-05,2214.9640
1989-07-12,2172.7330
1989-07-19,2163.7010
1989-07-26,2154.2840
1989-08-02,2193.1610
1989-08-09,2174.4140
1989-08-16,2189.2690
1989-08-23,2162.3270
1989-08-30,2172.0680
1989-09-06,2222.9280
1989-09-13,2195.5600
1989-09-20,2182.7870
1989-09-27,2179.0840
1989-10-04,2217.0080
1989-10-11,2228.2280
1989-10-18,2219.1230
1989-10-25,2198.0690
1989-11-01,2251.5950
1989-11-08,2225.6840
1989-11-15,2259.8590
1989-11-22,2231.6130
1989-11-29,2222.8610
1989-12-06,2246.7300
1989-12-13,2245.7300
1989-12-20,2264.6380
1989-12-27,2270.3930
1990-01-03,2320.6200
1990-01-10,2263.5980
1990-01-17,2293.9230
1990-01-24,2223.0530
1990-01-31,2245.3320
1990-02-07,2244.3840
1990-02-14,2245.7460
1990-02-21,2261.2720
1990-02-28,2260.6970
1990-03-07,2258.7350
1990-03-14,2262.2560
1990-03-21,2245.1900
1990-03-28,2250.0890
1990-04-04,2295.6980
1990-04-11,2286.7630
1990-04-18,2287.6420
1990-04-25,2253.7610
1990-05-02,2279.5180
1990-05-09,2256.8300
1990-05-16,2275.7570
1990-05-23,2255.0930
1990-05-30,2288.3160
1990-06-06,2296.8850
1990-06-13,2292.1870
1990-06-20,2284.0080
1990-06-27,2277.2820
1990-07-04,2345.6040
1990-07-11,2302.1360
1990-07-18,2298.6610
1990-07-25,2281.4750
1990-08-01,2331.5220
1990-08-08,2300.7230
1990-08-15,2338.3680
1990-08-22,2292.4950
1990-08-29,2289.5860
1990-09-05,2355.5540
1990-09-12,2319.8170
1990-09-19,2303.3190
1990-09-26,2296.6230
1990-10-03,2330.3390
1990-10-10,2343.2040
1990-10-17,2316.0220
1990-10-24,2293.1830
1990-10-31,2325.9750
1990-11-07,2321.5840
1990-11-14,2351.0690
1990-11-21,2330.0330
1990-11-28,2315.5300
1990-12-05,2352.1640
1990-12-12,2344.1190
1990-12-19,2353.8020
1990-12-26,2361.3180
1991-01-02,2427.7060
1991-01-09,2360.7670
1991-01-16,2365.5040
1991-01-23,2353.7790
1991-01-30,2335.1320
1991-02-06,2367.2230
1991-02-13,2363.2790
1991-02-20,2387.6630
1991-02-27,2368.6620
1991-03-06,2390.3250
1991-03-13,2391.0060
1991-03-20,2381.3720
1991-03-27,2385.3070
1991-04-03,2417.2650
1991-04-10,2415.3740
1991-04-17,2423.7720
1991-04-24,2384.6970
1991-05-01,2433.1630
1991-05-08,2397.3280
1991-05-15,2429.3090
1991-05-22,2388.8920
1991-05-29,2413.2090
1991-06-05,2439.3870
1991-06-12,2431.5920
1991-06-19,2412.6120
1991-06-26,2405.4880
1991-07-03,2453.0070
1991-07-10,2429.2130
1991-07-17,2422.5260
1991-07-24,2408.6950
1991-07-31,2445.6050
1991-08-07,2440.8870
1991-08-14,2441.6960
1991-08-21,2431.6270
1991-08-28,2430.4590
1991-09-04,2490.0770
1991-09-11,2450.9620
1991-09-18,2442.5820
1991-09-25,2431.5510
1991-10-02,2465.5900
1991-10-09,2448.0390
1991-10-16,2480.0000
1991-10-23,2426.0680
1991-10-30,2443.5090
1991-11-06,2464.4460
1991-11-13,2490.6440
1991-11-20,2466.3790
1991-11-27,2488.4670
1991-12-04,2492.9300
1991-12-11,2483.9680
1991-12-18,2483.8330
1991-12-25,2497.2060
1992-01-01,2520.0750
1992-01-08,2486.1560
1992-01-15,2507.9910
1992-01-22,2476.6820
1992-01-29,2451.8780
1992-02-05,2489.0010
1992-02-12,2471.1300
1992-02-19,2486.5150
1992-02-26,2460.6740
1992-03-04,2501.9920
1992-03-11,2487.9820
1992-03-18,2474.1920
1992-03-25,2469.6320
1992-04-01,2534.5350
1992-04-08,2495.7310
1992-04-15,2553.6340
1992-04-22,2467.2460
1992-04-29,2461.9520
1992-05-06,2476.9860
1992-05-13,2470.3050
1992-05-20,2460.2810
1992-05-27,2473.9380
1992-06-03,2494.3890
1992-06-10,2482.8670
1992-06-17,2476.3600
1992-06-24,2443.1120
1992-07-01,2521.3700
1992-07-08,2475.1450
1992-07-15,2495.7590
1992-07-22,2450.9720
1992-07-29,2452.2570
1992-08-05,2486.3190
1992-08-12,2476.0230
1992-08-19,2461.4630
1992-08-26,2456.0950
1992-09-02,2500.0050
1992-09-09,2511.5580
1992-09-16,2503.9380
1992-09-23,2452.6020
1992-09-30,2485.4320
1992-10-07,2494.3380
1992-10-14,2526.2940
1992-10-21,2473.8330
1992-10-28,2477.4310
1992-11-04,2517.9510
1992-11-11,2521.1330
1992-11-18,2492.9420
1992-11-25,2512.9010
1992-12-02,2529.5700
1992-12-09,2512.0230
1992-12-16,2534.6320
1992-12-23,2528.1130
1992-12-30,2539.1830
1993-01-06,2530.2960
1993-01-13,2506.4750
1993-01-20,2500.3070
1993-01-27,2449.9730
1993-02-03,2488.5750
1993-02-10,2477.7150
1993-02-17,2503.2580
1993-02-24,2462.3960
1993-03-03,2503.5100
1993-03-10,2483.0880
1993-03-17,2482.5700
1993-03-24,2468.7180
1993-03-31,2502.0650
1993-04-07,2515.9620
1993-04-14,2524.6760
1993-04-21,2480.2150
1993-04-28,2486.3110
1993-05-05,2522.4090
1993-05-12,2508.7270
1993-05-19,2489.1650
1993-05-26,2492.7930
1993-06-02,2559.5710
1993-06-09,2530.4350
1993-06-16,2540.8650
1993-06-23,2482.2450
1993-06-30,2516.5460
1993-07-07,2556.0310
1993-07-14,2519.1200
1993-07-21,2481.9170
1993-07-28,2479.6260
1993-08-04,2521.6630
1993-08-11,2507.2300
1993-08-18,2491.9690
1993-08-25,2483.1720
1993-09-01,2548.9710
1993-09-08,2538.2220
1993-09-15,2574.9610
1993-09-22,2478.0350
1993-09-29,2498.0840
1993-10-06,2522.9160
1993-10-13,2539.9170
1993-10-20,2498.4380
1993-10-27,2493.7670
1993-11-03,2538.5380
1993-11-10,2532.3460
1993-11-17,2531.6440
1993-11-24,2531.0340
1993-12-01,2585.7570
1993-12-08,2552.7490
1993-12-15,2602.9780
1993-12-22,2552.1480
1993-12-29,2553.0990
1994-01-05,2573.0800
1994-01-12,2548.1430
1994-01-19,2554.5680
1994-01-26,2500.5980
1994-02-02,2524.7610
1994-02-09,2512.3940
1994-02-16,2526.3510
1994-02-23,2508.1960
1994-03-02,2534.5920
1994-03-09,2509.8410
1994-03-16,2519.2140
1994-03-23,2487.8150
1994-03-30,2502.9920
1994-04-06,2532.3230
1994-04-13,2529.8910
1994-04-20,2504.3090
1994-04-27,2482.1200
1994-05-04,2517.3290
1994-05-11,2504.9260
1994-05-18,2487.5290
1994-05-25,2486.8440
1994-06-01,2564.1280
1994-06-08,2513.9110
1994-06-15,2557.5970
1994-06-22,2469.4890
1994-06-29,2485.4380
1994-07-06,2553.5750
1994-07-13,2512.2850
1994-07-20,2492.9390
1994-07-27,2488.9260
1994-08-03,2519.3580
1994-08-10,2507.9370
1994-08-17,2507.6130
1994-08-24,2492.1960
1994-08-31,2525.2460
1994-09-07,2551.1010
1994-09-14,2536.5220
1994-09-21,2494.2850
1994-09-28,2498.3320
1994-10-05,2536.8820
1994-10-12,2553.3380
1994-10-19,2509.3610
1994-10-26,2501.8070
1994-11-02,2538.3710
1994-11-09,2530.6410
1994-11-16,2553.8340
1994-11-23,2542.3490
1994-11-30,2550.1700
1994-12-07,2555.1570
1994-12-14,2559.8090
1994-12-21,2555.5980
1994-12-28,2574.2030
1995-01-04,2612.8260
1995-01-11,2549.0250
1995-01-18,2565.2690
1995-01-25,2505.8840
1995-02-01,2547.8720
1995-02-08,2518.1860
1995-02-15,2544.6150
1995-02-22,2531.0090
1995-03-01,2563.5880
1995-03-08,2538.7070
1995-03-15,2564.8850
1995-03-22,2516.6280
1995-03-29,2522.1600
1995-04-05,2569.4320
1995-04-12,2568.8540
1995-04-19,2563.0860
1995-04-26,2537.0900
1995-05-03,2563.1900
1995-05-10,2549.7520
1995-05-17,2549.7370
1995-05-24,2538.4130
1995-05-31,2603.3820
1995-06-07,2598.2680
1995-06-14,2604.2220
1995-06-21,2564.1300
1995-06-28,2555.6280
1995-07-05,2641.1960
1995-07-12,2597.0480
1995-07-19,2581.3990
1995-07-26,2588.1130
1995-08-02,2623.5320
1995-08-09,2607.9240
1995-08-16,2616.6850
1995-08-23,2592.0080
1995-08-30,2600.9080
1995-09-06,2665.3140
1995-09-13,2633.2840
1995-09-20,2610.3060
1995-09-27,2604.3330
1995-10-04,2646.1840
1995-10-11,2663.2270
1995-10-18,2623.1410
1995-10-25,2612.2880
1995-11-01,2672.4740
1995-11-08,2647.7990
1995-11-15,2679.4800
1995-11-22,2649.2100
1995-11-29,2636.4720
1995-12-06,2671.9230
1995-12-13,2666.2010
1995-12-20,2682.8410
1995-12-27,2686.3450
1996-01-03,2754.7880
1996-01-10,2698.6330
1996-01-17,2721.3710
1996-01-24,2637.3400
1996-01-31,2669.6490
1996-02-07,2664.7630
1996-02-14,2667.5130
1996-02-21,2677.7650
1996-02-28,2660.8430
1996-03-06,2690.6640
1996-03-13,2684.4240
1996-03-20,2673.0160
1996-03-27,2669.6850
1996-04-03,2730.1430
1996-04-10,2717.9910
1996-04-17,2725.5850
1996-04-24,2687.2970
1996-05-01,2717.3900
1996-05-08,2698.0620
1996-05-15,2723.8860
1996-05-22,2681.6900
1996-05-29,2713.4700
1996-06-05,2738.6410
1996-06-12,2724.3380
1996-06-19,2705.4350
1996-06-26,2688.1810
1996-07-03,2753.6420
1996-07-10,2724.1900
1996-07-17,2717.1730
1996-07-24,2693.6920
1996-07-31,2736.8670
1996-08-07,2727.0690
1996-08-14,2732.6190
1996-08-21,2709.0040
1996-08-28,2718.5330
1996-09-04,2800.3360
1996-09-11,2756.7780
1996-09-18,2749.8580
1996-09-25,2730.8680
1996-10-02,2782.8730
1996-10-09,2779.0350
1996-10-16,2828.8630
1996-10-23,2771.7290
1996-10-30,2778.7310
1996-11-06,2813.9300
1996-11-13,2842.7750
1996-11-20,2803.0310
1996-11-27,2850.1870
1996-12-04,2861.4360
1996-12-11,2847.8560
1996-12-18,2849.5200
1996-12-25,2873.2960
1997-01-01,2927.7800
1997-01-08,2870.4760
1997-01-15,2878.0430
1997-01-22,2847.6480
1997-01-29,2816.0150
1997-02-05,2862.5580
1997-02-12,2844.2310
1997-02-19,2877.8560
1997-02-26,2844.0900
1997-03-05,2905.3440
1997-03-12,2884.6320
1997-03-19,2869.1080
1997-03-26,2870.3250
1997-04-02,2921.3200
1997-04-09,2930.5360
1997-04-16,2960.4710
1997-04-23,2902.1280
1997-04-30,2922.6070
1997-05-07,2912.6030
1997-05-14,2907.4430
1997-05-21,2880.2920
1997-05-28,2923.6620
1997-06-04,2955.8510
1997-06-11,2943.8690
1997-06-18,2943.7910
1997-06-25,2923.9480
1997-07-02,2991.8860
1997-07-09,2974.8940
1997-07-16,2971.0250
1997-07-23,2941.2400
1997-07-30,2961.0080
1997-08-06,2994.3860
1997-08-13,2976.8930
1997-08-20,2980.2120
1997-08-27,2973.2140
1997-09-03,3060.3140
1997-09-10,3017.0960
1997-09-17,3011.9430
1997-09-24,2970.6580
1997-10-01,3053.7490
1997-10-08,3031.2890
1997-10-15,3077.7170
1997-10-22,3007.5720
1997-10-29,3024.1690
1997-11-05,3081.2320
1997-11-12,3119.2300
1997-11-19,3057.6090
1997-11-26,3101.0350
1997-12-03,3110.3670
1997-12-10,3098.8930
1997-12-17,3117.4840
1997-12-24,3119.8380
1997-12-31,3145.4180
1998-01-07,3123.2900
1998-01-14,3109.2970
1998-01-21,3098.4390
1998-01-28,3046.8790
1998-02-04,3102.9950
1998-02-11,3093.9180
1998-02-18,3131.9710
1998-02-25,3099.5300
1998-03-04,3161.0040
1998-03-11,3150.7410
1998-03-18,3140.4590
1998-03-25,3132.7910
1998-04-01,3222.9050
1998-04-08,3191.4100
1998-04-15,3233.6130
1998-04-22,3154.2990
1998-04-29,3126.1180
1998-05-06,3158.4180
1998-05-13,3152.7560
1998-05-20,3131.0590
1998-05-27,3154.4630
1998-06-03,3200.9560
1998-06-10,3194.6040
1998-06-17,3189.3930
1998-06-24,3138.4370
1998-07-01,3226.9250
1998-07-08,3175.1850
1998-07-15,3184.6570
1998-07-22,3140.2380
1998-07-29,3151.6750
1998-08-05,3212.5320
1998-08-12,3187.6590
1998-08-19,3175.4030
1998-08-26,3167.4220
1998-09-02,3237.8550
1998-09-09,3251.4340
1998-09-16,3230.7350
1998-09-23,3174.7910
1998-09-30,3238.1200
1998-10-07,3239.6240
1998-10-14,3284.2460
1998-10-21,3229.6750
1998-10-28,3237.8340
1998-11-04,3296.0960
1998-11-11,3309.5670
1998-11-18,3302.5050
1998-11-25,3320.6370
1998-12-02,3335.9370
1998-12-09,3316.7280
1998-12-16,3337.4590
1998-12-23,3332.1430
1998-12-30,3348.7330
1999-01-06,3364.4820
1999-01-13,3336.0670
1999-01-20,3338.5510
1999-01-27,3266.4500
1999-02-03,3320.2910
1999-02-10,3295.7080
1999-02-17,3334.7370
1999-02-24,3280.4310
1999-03-03,3350.3040
1999-03-10,3323.4150
1999-03-17,3318.9000
1999-03-24,3284.8510
1999-03-31,3346.4650
1999-04-07,3353.6960
1999-04-14,3392.2880
1999-04-21,3345.6870
1999-04-28,3308.6640
1999-05-05,3344.4970
1999-05-12,3318.0400
1999-05-19,3305.8180
1999-05-26,3297.9370
1999-06-02,3381.0350
1999-06-09,3329.3910
1999-06-16,3348.7600
1999-06-23,3300.2520
1999-06-30,3355.0790
1999-07-07,3378.6100
1999-07-14,3347.8340
1999-07-21,3305.1640
1999-07-28,3304.4640
1999-08-04,3350.9720
1999-08-11,3328.1600
1999-08-18,3319.8530
1999-08-25,3300.7170
1999-09-01,3364.2820
1999-09-08,3379.7910
1999-09-15,3376.2610
1999-09-22,3311.6510
1999-09-29,3342.5380
1999-10-06,3383.5910
1999-10-13,3405.5620
1999-10-20,3367.7320
1999-10-27,3367.2200
1999-11-03,3430.8940
1999-11-10,3433.5660
1999-11-17,3442.6190
1999-11-24,3459.1110
1999-12-01,3504.0500
1999-12-08,3489.0730
1999-12-15,3535.2610
1999-12-22,3521.4640
1999-12-29,3514.6160
2000-01-05,3525.6680
2000-01-12,3501.8000
2000-01-19,3521.1310
2000-01-26,3450.2950
2000-02-02,3491.5730
2000-02-09,3480.5860
2000-02-16,3495.5650
2000-02-23,3493.2720
2000-03-01,3544.6420
2000-03-08,3515.4860
2000-03-15,3540.7050
2000-03-22,3500.8040
2000-03-29,3506.2210
2000-04-05,3591.6890
2000-04-12,3589.1090
2000-04-19,3602.2730
2000-04-26,3556.6480
2000-05-03,3576.5920
2000-05-10,3553.2140
2000-05-17,3548.0730
2000-05-24,3526.6290
2000-05-31,3610.8230
2000-06-07,3591.8830
2000-06-14,3613.9040
2000-06-21,3560.6180
2000-06-28,3558.3360
2000-07-05,3658.7110
2000-07-12,3596.6320
2000-07-19,3586.9680
2000-07-26,3585.8150
2000-08-02,3637.4830
2000-08-09,3626.1340
2000-08-16,3637.1930
2000-08-23,3606.3990
2000-08-30,3618.1190
2000-09-06,3698.9560
2000-09-13,3658.3860
2000-09-20,3627.0890
2000-09-27,3608.1950
2000-10-04,3666.0260
2000-10-11,3687.2400
2000-10-18,3648.2230
2000-10-25,3633.8390
2000-11-01,3694.9060
2000-11-08,3682.0090
2000-11-15,3707.9760
2000-11-22,3694.2780
2000-11-29,3667.1080
2000-12-06,3726.3270
2000-12-13,3734.9310
2000-12-20,3760.2880
2000-12-27,3777.4530
2001-01-03,3850.9480
2001-01-10,3782.8580
2001-01-17,3810.0890
2001-01-24,3705.3840
2001-01-31,3754.3950
2001-02-07,3748.3720
2001-02-14,3758.6750
2001-02-21,3776.1030
2001-02-28,3802.8240
2001-03-07,3802.5520
2001-03-14,3812.6150
2001-03-21,3767.9050
2001-03-28,3803.6500
2001-04-04,3890.3970
2001-04-11,3879.9130
2001-04-18,3896.3450
2001-04-25,3842.4820
2001-05-02,3850.5870
2001-05-09,3821.3250
2001-05-16,3856.5470
2001-05-23,3837.9640
2001-05-30,3907.0050
2001-06-06,3890.0690
2001-06-13,3890.6220
2001-06-20,3849.1340
2001-06-27,3836.9060
2001-07-04,3956.4500
2001-07-11,3872.8400
2001-07-18,3852.3640
2001-07-25,3844.0640
2001-08-01,3933.6960
2001-08-08,3883.5450
2001-08-15,3896.1560
2001-08-22,3851.8420
2001-08-29,3868.2480
2001-09-05,3982.2850
2001-09-12,4212.5910
2001-09-19,3981.6470
2001-09-26,3919.4190
2001-10-03,3982.2760
2001-10-10,3990.0730
2001-10-17,3964.4620
2001-10-24,3933.8610
2001-10-31,4008.9690
2001-11-07,4004.4250
2001-11-14,4096.0560
2001-11-21,4035.8120
2001-11-28,4021.7100
2001-12-05,4097.3820
2001-12-12,4107.8920
2001-12-19,4110.2280
2001-12-26,4116.6560
2002-01-02,4157.8480
2002-01-09,4118.1390
2002-01-16,4111.4500
2002-01-23,4088.2850
2002-01-30,4076.6160
2002-02-06,4117.9500
2002-02-13,4111.0290
2002-02-20,4128.5910
2002-02-27,4110.3390
2002-03-06,4144.9730
2002-03-13,4130.0620
2002-03-20,4117.3000
2002-03-27,4144.5040
2002-04-03,4198.2380
2002-04-10,4192.1950
2002-04-17,4200.7210
2002-04-24,4119.8950
2002-05-01,4178.7760
2002-05-08,4149.1090
2002-05-15,4180.6620
2002-05-22,4129.9080
2002-05-29,4163.8370
2002-06-05,4184.8440
2002-06-12,4164.7820
2002-06-19,4158.4650
2002-06-26,4149.7600
2002-07-03,4242.8950
2002-07-10,4185.5970
2002-07-17,4200.5010
2002-07-24,4170.9560
2002-07-31,4231.3110
2002-08-07,4221.8460
2002-08-14,4248.5080
2002-08-21,4202.7420
2002-08-28,4216.0850
2002-09-04,4319.4580
2002-09-11,4271.2030
2002-09-18,4238.6330
2002-09-25,4209.4400
2002-10-02,4319.7550
2002-10-09,4300.3520
2002-10-16,4350.5900
2002-10-23,4278.8000
2002-10-30,4323.9820
2002-11-06,4354.4430
2002-11-13,4396.0340
2002-11-20,4342.7350
2002-11-27,4389.5790
2002-12-04,4386.3820
2002-12-11,4368.7390
2002-12-18,4376.2610
2002-12-25,4397.3170
2003-01-01,4400.2290
2003-01-08,4368.2230
2003-01-15,4421.6810
2003-01-22,4374.4790
2003-01-29,4350.8820
2003-02-05,4427.2490
2003-02-12,4398.4240
2003-02-19,4408.3440
2003-02-26,4386.4020
2003-03-05,4467.1580
2003-03-12,4443.5500
2003-03-19,4426.5810
2003-03-26,4403.4870
2003-04-02,4497.3330
2003-04-09,4456.5290
2003-04-16,4501.7860
2003-04-23,4449.4600
2003-04-30,4520.5130
2003-05-07,4472.5690
2003-05-14,4502.9740
2003-05-21,4451.0740
2003-05-28,4500.3410
2003-06-04,4555.9670
2003-06-11,4534.7660
2003-06-18,4539.3650
2003-06-25,4498.2760
2003-07-02,4616.3160
2003-07-09,4568.6700
2003-07-16,4577.4590
2003-07-23,4542.2310
2003-07-30,4582.9880
2003-08-06,4625.2030
2003-08-13,4631.1040
2003-08-20,4577.6780
2003-08-27,4556.3360
2003-09-03,4667.8210
2003-09-10,4606.6770
2003-09-17,4590.7260
2003-09-24,4544.6480
2003-10-01,4616.4180
2003-10-08,4561.4060
2003-10-15,4612.3600
2003-10-22,4521.3030
2003-10-29,4524.8670
2003-11-05,4599.5800
2003-11-12,4650.0840
2003-11-19,4580.8300
2003-11-26,4622.9600
2003-12-03,4621.1630
2003-12-10,4635.9210
2003-12-17,4657.5760
2003-12-24,4662.7050
2003-12-31,4690.9540
2004-01-07,4674.9230
2004-01-14,4691.7710
2004-01-21,4650.6920
2004-01-28,4616.6460
2004-02-04,4685.3510
2004-02-11,4673.3960
2004-02-18,4714.1990
2004-02-25,4685.6660
2004-03-03,4765.5660
2004-03-10,4752.5170
2004-03-17,4763.0500
2004-03-24,4763.9870
2004-03-31,4833.5960
2004-04-07,4852.4910
2004-04-14,4893.3380
2004-04-21,4835.9140
2004-04-28,4825.8960
2004-05-05,4901.7860
2004-05-12,4894.4010
2004-05-19,4886.3050
2004-05-26,4883.6970
2004-06-02,4971.1350
2004-06-09,4949.1710
2004-06-16,4961.3670
2004-06-23,4902.9800
2004-06-30,4964.8220
2004-07-07,5004.6240
2004-07-14,4980.0220
2004-07-21,4945.2230
2004-07-28,4958.8730
2004-08-04,5011.9040
2004-08-11,4992.4330
2004-08-18,4965.9330
2004-08-25,4962.8000
2004-09-01,5055.6750
2004-09-08,5059.1040
2004-09-15,5063.8770
2004-09-22,4993.9940
2004-09-29,5004.3220
2004-10-06,5051.0010
2004-10-13,5082.3660
2004-10-20,5026.2210
2004-10-27,5025.2690
2004-11-03,5095.3770
2004-11-10,5110.1010
2004-11-17,5123.0250
2004-11-24,5142.8820
2004-12-01,5180.9290
2004-12-08,5153.7830
2004-12-15,5205.7890
2004-12-22,5186.4280
2004-12-29,5175.5110
2005-01-05,5220.5750
2005-01-12,5211.4620
2005-01-19,5217.3470
2005-01-26,5125.9150
2005-02-02,5194.2290
2005-02-09,5178.8650
2005-02-16,5185.9840
2005-02-23,5235.7390
2005-03-02,5249.4150
2005-03-09,5241.0790
2005-03-16,5265.8240
2005-03-23,5236.4980
2005-03-30,5275.2820
2005-04-06,5341.2260
2005-04-13,5366.4960
2005-04-20,5329.1360
2005-04-27,5263.5080
2005-05-04,5305.6780
2005-05-11,5294.1340
2005-05-18,5285.4960
2005-05-25,5295.6450
2005-06-01,5415.0070
2005-06-08,5387.8030
2005-06-15,5422.3600
2005-06-22,5348.5630
2005-06-29,5348.0840
2005-07-06,5424.6090
2005-07-13,5361.6660
2005-07-20,5364.3870
2005-07-27,5352.7880
2005-08-03,5433.4070
2005-08-10,5416.1080
2005-08-17,5459.1980
2005-08-24,5439.4940
2005-08-31,5500.1640
2005-09-07,5534.5620
2005-09-14,5528.6600
2005-09-21,5444.6480
2005-09-28,5461.9050
2005-10-05,5520.0120
2005-10-12,5561.7340
2005-10-19,5492.6070
2005-10-26,5471.0740
2005-11-02,5539.6600
2005-11-09,5532.1660
2005-11-16,5571.7000
2005-11-23,5565.8120
2005-11-30,5573.7920
2005-12-07,5583.6210
2005-12-14,5613.5830
2005-12-21,5621.6660
2005-12-28,5644.2450
2006-01-04,5713.5800
2006-01-11,5640.7290
2006-01-18,5653.8020
2006-01-25,5583.5040
2006-02-01,5645.7780
2006-02-08,5622.0440
2006-02-15,5663.3270
2006-02-22,5657.6350
2006-03-01,5717.4950
2006-03-08,5694.9100
2006-03-15,5742.3080
2006-03-22,5700.1520
2006-03-29,5720.7190
2006-04-05,5815.7680
2006-04-12,5841.6440
2006-04-19,5822.0730
2006-04-26,5758.7230
2006-05-03,5809.0430
2006-05-10,5774.9490
2006-05-17,5783.5910
2006-05-24,5771.0170
2006-05-31,5871.3360
2006-06-07,5837.7060
2006-06-14,5865.3890
2006-06-21,5796.3230
2006-06-28,5791.0450
2006-07-05,5902.4140
2006-07-12,5836.7030
2006-07-19,5813.9840
2006-07-26,5769.9240
2006-08-02,5856.7630
2006-08-09,5813.1490
2006-08-16,5872.5450
2006-08-23,5857.0530
2006-08-30,5864.3210
2006-09-06,5949.7450
2006-09-13,5931.4180
2006-09-20,5857.2380
2006-09-27,5857.6250
2006-10-04,6030.3130
2006-10-11,6053.4940
2006-10-18,5988.4640
2006-10-25,5953.1380
2006-11-01,6040.3090
2006-11-08,6031.4210
2006-11-15,6086.2950
2006-11-22,6084.2320
2006-11-29,6065.6190
2006-12-06,6107.9980
2006-12-13,6131.8450
2006-12-20,6129.7350
2006-12-27,6136.1380
2007-01-03,6197.8940
2007-01-10,6144.9120
2007-01-17,6186.7610
2007-01-24,6096.6980
2007-01-31,6139.9960
2007-02-07,6133.1190
2007-02-14,6158.0750
2007-02-21,6158.7050
2007-02-28,6218.9800
2007-03-07,6234.6140
2007-03-14,6197.1420
2007-03-21,6166.8200
2007-03-28,6211.2710
2007-04-04,6320.8110
2007-04-11,6320.3450
2007-04-18,6326.9010
2007-04-25,6256.4120
2007-05-02,6300.9740
2007-05-09,6292.0240
2007-05-16,6314.5200
2007-05-23,6292.2770
2007-05-30,6317.6860
2007-06-06,6329.1850
2007-06-13,6315.2230
2007-06-20,6258.0230
2007-06-27,6248.0450
2007-07-04,6359.1210
2007-07-11,6283.0600
2007-07-18,6253.0370
2007-07-25,6242.5560
2007-08-01,6349.3360
2007-08-08,6330.2170
2007-08-15,6385.4390
2007-08-22,6347.6410
2007-08-29,6341.5920
2007-09-05,6455.8170
2007-09-12,6437.8100
2007-09-19,6397.9040
2007-09-26,6396.9480
2007-10-03,6466.5710
2007-10-10,6508.9260
2007-10-17,6564.1910
2007-10-24,6568.8870
2007-10-31,6658.5320
2007-11-07,6654.3180
2007-11-14,6736.5980
2007-11-21,6670.7870
2007-11-28,6639.8140
2007-12-05,6711.2530
2007-12-12,6704.2910
2007-12-19,6704.5290
2007-12-26,6718.0670
2008-01-02,6777.7050
2008-01-09,6717.9450
2008-01-16,6742.4100
2008-01-23,6687.5020
2008-01-30,6696.0370
2008-02-06,6761.1800
2008-02-13,6757.1070
2008-02-20,6769.3130
2008-02-27,6743.0100
2008-03-05,6836.9910
2008-03-12,6849.8150
2008-03-19,6844.7180
2008-03-26,6811.8650
2008-04-02,6907.1760
2008-04-09,6902.2150
2008-04-16,6935.8090
2008-04-23,6851.1830
2008-04-30,6820.3230
2008-05-07,6808.0370
2008-05-14,6857.9190
2008-05-21,6836.3710
2008-05-28,6857.8580
2008-06-04,6900.7750
2008-06-11,6890.3910
2008-06-18,6845.0030
2008-06-25,6792.6360
2008-07-02,6858.7450
2008-07-09,6823.8730
2008-07-16,6854.2470
2008-07-23,6786.2160
2008-07-30,6793.2210
2008-08-06,6841.2000
2008-08-13,6837.3840
2008-08-20,6817.1380
2008-08-27,6812.9670
2008-09-03,6915.3590
2008-09-10,6905.4520
2008-09-17,7080.9360
2008-09-24,7042.6870
2008-10-01,7253.5700
2008-10-08,7180.6070
2008-10-15,7203.7240
2008-10-22,7085.3960
2008-10-29,7078.7380
2008-11-05,7132.8390
2008-11-12,7138.0090
2008-11-19,7043.8410
2008-11-26,7099.1240
2008-12-03,7152.5530
2008-12-10,7254.8550
2008-12-17,7283.5220
2008-12-24,7287.0860
2008-12-31,7330.6790
2009-01-07,7296.0640
2009-01-14,7332.2850
2009-01-21,7286.3200
2009-01-28,7212.5010
2009-02-04,7261.9610
2009-02-11,7236.1290
2009-02-18,7239.3420
2009-02-25,7233.0390
2009-03-04,7313.5370
2009-03-11,7320.0240
2009-03-18,7273.1200
2009-03-25,7295.6450
2009-04-01,7380.6040
2009-04-08,7361.1250
2009-04-15,7398.4060
2009-04-22,7320.7020
2009-04-29,7332.7430
2009-05-06,7426.2230
2009-05-13,7462.3440
2009-05-20,7420.0720
2009-05-27,7443.4750
2009-06-03,7540.7210
2009-06-10,7535.3270
2009-06-17,7537.5990
2009-06-24,7432.1450
2009-07-01,7505.4200
2009-07-08,7473.0200
2009-07-15,7472.3560
2009-07-22,7396.4620
2009-07-29,7428.2250
2009-08-05,7527.4410
2009-08-12,7509.0280
2009-08-19,7450.8270
2009-08-26,7456.0700
2009-09-02,7539.5660
2009-09-09,7557.1750
2009-09-16,7541.4610
2009-09-23,7493.0630
2009-09-30,7542.3370
2009-10-07,7587.8690
2009-10-14,7674.7250
2009-10-21,7552.5870
2009-10-28,7553.6940
2009-11-04,7687.9210
2009-11-11,7678.9460
2009-11-18,7655.3210
2009-11-25,7700.9000
2009-12-02,7740.2500
2009-12-09,7756.0370
2009-12-16,7777.4780
2009-12-23,7758.1990
2009-12-30,7747.0500
2010-01-06,7735.0970
2010-01-13,7723.898
2010-01-20,7674.961
2010-01-27,7636.906
2010-02-03,7689.969
2010-02-10,7668.851
2010-02-17,7715.987
2010-02-24,7673.433
2010-03-03,7724.211
2010-03-10,7711.115
2010-03-17,7721.714
2010-03-24,7667.243
2010-03-31,7736.879
2010-04-07,7734.093
2010-04-14,7773.849
2010-04-21,7686.248
2010-04-28,7650.778
2010-05-05,7691.991
2010-05-12,7681.192
2010-05-19,7628.826
2010-05-26,7624.335
2010-06-02,7709.946
2010-06-09,7701.953
2010-06-16,7690.537
2010-06-23,7619.065
2010-06-30,7668.261
2010-07-07,7693.173
2010-07-14,7700.454
2010-07-21,7640.492
2010-07-28,7672.37
2010-08-04,7758.551
2010-08-11,7734.921
2010-08-18,7685.023
2010-08-25,7710.028
2010-09-01,7788.885
2010-09-08,7810.266
2010-09-15,7808.993
2010-09-22,7714.336
2010-09-29,7756.707
2010-10-06,7832.217
2010-10-13,7875.787
2010-10-20,7809.701
2010-10-27,7817.78
2010-11-03,7898.855
2010-11-10,7899.213
2010-11-17,7928.151
2010-11-24,7900.502
2010-12-01,7920.703
2010-12-08,7929.982
2010-12-15,7961.835
2010-12-22,7917.962
2010-12-29,7946.041
2011-01-05,7971.473
2011-01-12,7957.97
2011-01-19,7896.226
2011-01-26,7856.894
2011-02-02,7892.6500
2011-02-09,7904.687
2011-02-16,7927.3160
2011-02-23,7931.8490
2011-03-02,7999.041
2011-03-09,8014.187
2011-03-16,8010.906
2011-03-23,7970.203
2011-03-30,8030.748
2011-04-06,8114.84
2011-04-13,8130.516
2011-04-20,8069.728
2011-04-27,8030.713
2011-05-04,8125.968
2011-05-11,8142.182
2011-05-18,8091.627
2011-05-25,8116.263
2011-06-01,8220.566
2011-06-08,8168.7700
2011-06-15,8173.189
2011-06-22,8137.716
2011-06-29,8193.253
2011-07-06,8270.328
2011-07-13,8239.208
2011-07-20,8161.01
2011-07-27,8246.517
2011-08-03,8351.461
2011-08-10,8326.237
2011-08-17,8308.1
2011-08-24,8252.742
2011-08-31,8336.06
2011-09-07,8371.907
2011-09-14,8380.602
2011-09-21,8311.517
2011-09-28,8359.353
2011-10-05,8405.701
2011-10-12,8416.226
2011-10-19,8331.521
2011-10-26,8324.027
2011-11-02,8446.043
2011-11-09,8425.981
2011-11-16,8444.955
2011-11-23,8388.947
2011-11-30,8444.285
2011-12-07,8467.568
2011-12-14,8525.116
2011-12-21,8460.187
2011-12-28,8535.644
2012-01-04,8598.873
2012-01-11,8544.972
2012-01-18,8483.738
2012-01-25,8421.902
2012-02-01,8545.192
2012-02-08,8556.481
2012-02-15,8565.31
2012-02-22,8517.426
2012-02-29,8593.95
2012-03-07,8622.749
2012-03-14,8662.329
2012-03-21,8574.935
2012-03-28,8619.52
2012-04-04,8731.517
2012-04-11,8728.997
2012-04-18,8634.086
2012-04-25,8586.397
2012-05-02,8654.611
2012-05-09,8641.742
2012-05-16,8640.702
2012-05-23,8574.965
2012-05-30,8621.065
2012-06-06,8733.887
2012-06-13,8746.618
2012-06-20,8617.715
2012-06-27,8685.47
2012-07-04,8815.034
2012-07-11,8774.18
2012-07-18,8715.714
2012-07-25,8751.026
2012-08-01,8826.014
2012-08-08,8844.507
2012-08-15,8846.479
2012-08-22,8782.961
2012-08-29,8835.766
2012-09-05,8942.347
2012-09-12,8920.112
2012-09-19,8838.24
2012-09-26,8893.033
2012-10-03,8989.2400
2012-10-10,9006.0810
2012-10-17,8991.6520
2012-10-24,8907.373
2012-10-31,9073.6420
2012-11-07,9122.2140
2012-11-14,9181.3680
2012-11-21,9107.433
2012-11-28,9127.206
2012-12-05,9242.869
2012-12-12,9284.1210
2012-12-19,9311.191
2012-12-26,9388.749
2013-01-02,9459.35
2013-01-09,9324.53
2013-01-16,9297.1670
2013-01-23,9204.252
2013-01-30,9218.6310
2013-02-06,9269.9510
2013-02-13,9292.657
2013-02-20,9228.9110
2013-02-27,9273.0020
2013-03-06,9330.5780
2013-03-13,9355.121
2013-03-20,9294.641
2013-03-27,9401.7420
2013-04-03,9452.4380
2013-04-10,9447.514
2013-04-17,9422.7410
2013-04-24,9276.483
2013-05-01,9353.188
2013-05-08,9325.336
2013-05-15,9356.881
2013-05-22,9294.228
2013-05-29,9341.482
2013-06-05,9429.121
2013-06-12,9444.417
2013-06-19,9324.133
2013-06-26,9340.45
2013-07-03,9466.8
2013-07-10,9444.083
2013-07-17,9471.8520
2013-07-24,9410.883
2013-07-31,9504.429
2013-08-07,9492.3590
2013-08-14,9519.3330
2013-08-21,9438.829
2013-08-28,9499.308
2013-09-04,9589.003
2013-09-11,9578.9370
2013-09-18,9535.828
2013-09-25,9558.164
2013-10-02,9658.3410
2013-10-09,9662.548
2013-10-16,9753.572
2013-10-23,9613.99
2013-10-30,9690.7520
2013-11-06,9705.415
2013-11-13,9745.5710
2013-11-20,9714.307
2013-11-27,9783.209
2013-12-04,9820.079
2013-12-11,9847.172
2013-12-18,9847.813
2013-12-25,9916.861
2014-01-01,9979.881
2014-01-08,9909.074
2014-01-15,9923.839
2014-01-22,9836.8430
2014-01-29,9846.0320
2014-02-05,9889.7640
2014-02-12,9952.0480
2014-02-19,9952.1720
2014-02-26,9915.691
2014-03-05,10018.5620
2014-03-12,10045.1590
2014-03-19,10015.2440
2014-03-26,10009.422
2014-04-02,10108.5990
2014-04-09,10169.8590
2014-04-16,10154.601
2014-04-23,10005.591
2014-04-30,10105.175
2014-05-07,10074.9420
2014-05-14,10102.2250
2014-05-21,10048.434
2014-05-28,10101.541
2014-06-04,10152.2850
2014-06-11,10152.947
2014-06-18,10075.116
2014-06-25,10086.575
2014-07-02,10206.674
2014-07-09,10214.2580
2014-07-16,10218.9730
2014-07-23,10138.7230
2014-07-30,10193.4420
2014-08-06,10175.628
2014-08-13,10171.164
2014-08-20,10157.3610
2014-08-27,10187.16
2014-09-03,10354.2110
2014-09-10,10336.5150
2014-09-17,10291.6250
2014-09-24,10278.506
2014-10-01,10303.8800
2014-10-08,10282.46
2014-10-15,10332.1250
2014-10-22,10227.4730
2014-10-29,10246.727
2014-11-05,10344.2110
2014-11-12,10424.2480
2014-11-19,10348.091
2014-11-26,10436.452
2014-12-03,10470.7340
2014-12-10,10535.44
2014-12-17,10555.333
2014-12-24,10544.487
2014-12-31,10597.225
2015-01-07,10578.823
2015-01-14,10567.37
2015-01-21,10473.667
2015-01-28,10494.414
2015-02-04,10577.783
2015-02-11,10605.412
2015-02-18,10616.643
2015-02-25,10660.569
2015-03-04,10712.072
2015-03-11,10728.173
2015-03-18,10686.158
2015-03-25,10678.882
2015-04-01,10828.067
2015-04-08,10790.392
2015-04-15,10807.643
2015-04-22,10594.524
2015-04-29,10606.765
2015-05-06,10624.676
2015-05-13,10704.958
2015-05-20,10606.028
2015-05-27,10654.218
2015-06-03,10712.241
2015-06-10,10700.3
2015-06-17,10693.166
2015-06-24,10658.235
2015-07-01,10792.191
2015-07-08,10771.832
2015-07-15,10784.066
2015-07-22,10722.023
2015-07-29,10728.466
2015-08-05,10801.488
2015-08-12,10802.366
2015-08-19,10794.802
2015-08-26,10804.048
2015-09-02,10882.889
2015-09-09,10909.951
2015-09-16,10826.259
2015-09-23,10763.524
2015-09-30,10849.793
2015-10-07,10879.003
2015-10-14,10920.455
2015-10-21,10852.668
2015-10-28,10904.764
2015-11-04,10994.846
2015-11-11,10997.458
2015-11-18,10955.682
2015-11-25,10961.205
2015-12-02,10981.041
2015-12-09,11010.254
2015-12-16,11011.268
2015-12-23,11002.928
2015-12-30,10991.28
2016-01-06,11028.927
2016-01-13,11014.729
2016-01-20,10932.574
2016-01-27,10906.134
2016-02-03,10973.184
2016-02-10,10997.426
2016-02-17,11023.812
2016-02-24,11005.136
2016-03-02,11108.844
2016-03-09,11137.924
2016-03-16,11118.306
2016-03-23,11125.274
2016-03-30,11177.652
2016-04-06,11234.969
2016-04-13,11276.357
2016-04-20,11137.498
2016-04-27,11080.892
2016-05-04,11157.374
2016-05-11,11159.119
2016-05-18,11109.216
2016-05-25,11099.243
2016-06-01,11229.361
2016-06-08,11250.118
2016-06-15,11266.513
2016-06-22,11139.588
2016-06-29,11237.908
2016-07-06,11300.946
2016-07-13,11273.365
2016-07-20,11193.863
2016-07-27,11217.498
2016-08-03,11361.75
2016-08-10,11338.833
2016-08-17,11379.064
2016-08-24,11298.049
2016-08-31,11380.138
2016-09-07,11431.232
2016-09-14,11421.116
2016-09-21,11256.06
2016-09-28,11304.802
2016-10-05,11366.029
2016-10-12,11397.231
2016-10-19,11316.521
2016-10-26,11323.628
2016-11-02,11412.497
2016-11-09,11443.946
2016-11-16,11477.395
2016-11-23,11408.782
2016-11-30,11472.923
2016-12-07,11501.097
2016-12-14,11569.196
2016-12-21,11521.338
2016-12-28,11593.245
2017-01-04,11635.287
2017-01-11,11567.318
2017-01-18,11547.306
2017-01-25,11436.972
2017-02-01,11559.222
2017-02-08,11530.467
2017-02-15,11577.51
2017-02-22,11518.992
2017-03-01,11643.834
2017-03-08,11645.342
2017-03-15,11718.829
2017-03-22,11650.392
2017-03-29,11693.079
2017-04-05,11765.581
2017-04-12,11790.01
2017-04-19,11683.959
2017-04-26,11586.346
2017-05-03,11641.898
2017-05-10,11669.954
2017-05-17,11687.633
2017-05-24,11632.104
2017-05-31,11738.82
2017-06-07,11718.322
2017-06-14,11715.706
2017-06-21,11611.613
2017-06-28,11668.325
2017-07-05,11793.862
2017-07-12,11743.831
2017-07-19,11705.064
2017-07-26,11713.688
2017-08-02,11813.539
2017-08-09,11793.55
2017-08-16,11833.831
2017-08-23,11753.366
2017-08-30,11800.883
2017-09-06,11895.903
2017-09-13,11873.797
2017-09-20,11779.764
2017-09-27,11806.238
2017-10-04,11930.694
2017-10-11,11964.483
2017-10-18,11866.847
2017-10-25,11852.932
2017-11-01,11997.79
2017-11-08,11970.781
2017-11-15,12001.172
2017-11-22,11940.943
2017-11-29,11952.703
2017-12-06,12036.705
2017-12-13,12057.002
2017-12-20,12030.994
2017-12-27,12057.857
2018-01-03,12084.596
2018-01-10,12028.144
2018-01-17,12022.845
2018-01-24,11909.24
2018-01-31,11997.452
2018-02-07,11946.238
2018-02-14,11963.633
2018-02-21,11915.974
2018-02-28,12052.752
2018-03-07,12036.814
2018-03-14,12075.119
2018-03-21,11973.007
2018-03-28,12094.071
2018-04-04,12176.913
2018-04-11,12202.982
2018-04-18,12111.417
2018-04-25,12012.015
2018-05-02,12041.059
2018-05-09,12059.485
2018-05-16,12063.914
2018-05-23,12016.521
2018-05-30,12132.503
2018-06-06,12139.404
2018-06-13,12150.96
2018-06-20,12074.104
2018-06-27,12119.584
2018-07-04,12250.904
2018-07-11,12183.325
2018-07-18,12129.836
2018-07-25,12128.301
2018-08-01,12239.756
2018-08-08,12206.347
2018-08-15,12250.878
2018-08-22,12166.354
2018-08-29,12191.685
2018-09-05,12270.418
2018-09-12,12248.889
2018-09-19,12178.861
2018-09-26,12224.871
2018-10-03,12284.559
2018-10-10,12321.161
2018-10-17,12269.317
2018-10-24,12207.804
2018-10-31,12303.517
2018-11-07,12275.059
2018-11-14,12323.395
2018-11-21,12279.253
2018-11-28,12336.729
2018-12-05,12456.498
2018-12-12,12428.821
2018-12-19,12466.12
2018-12-26,12546.181
2019-01-02,12585.084
2019-01-09,12534.298
2019-01-16,12489.463
2019-01-23,12432.017
2019-01-30,12421.247
2019-02-06,12481.999
2019-02-13,12478.528
2019-02-20,12461.385
2019-02-27,12525.657
2019-03-06,12591.285
2019-03-13,12594.615
2019-03-20,12589.121
2019-03-27,12661.034
2019-04-03,12723.293
2019-04-10,12730.402
2019-04-17,12664.084
2019-04-24,12546.592
2019-05-01,12649.098
2019-05-08,12614.879
2019-05-15,12710.839
2019-05-22,12558.764
2019-05-29,12644.713
2019-06-05,12714.343
2019-06-12,12736.56
2019-06-19,12698.096
2019-06-26,12735.882
2019-07-03,12827.181
2019-07-10,12746.411
2019-07-17,12748.695
2019-07-24,12701.671
2019-07-31,12815.945
2019-08-07,12825.469
2019-08-14,12829.443
2019-08-21,12757.315
2019-08-28,12802.397
2019-09-04,12926.782
2019-09-11,12884.21
2019-09-18,12837.597
2019-09-25,12874.507
2019-10-02,13013.926
2019-10-09,13026.337
2019-10-16,13054.765
2019-10-23,12947.602
2019-10-30,13010.929
2019-11-06,13099.238
2019-11-13,13173.813
2019-11-20,13153.003
2019-11-27,13210.854
2019-12-04,13252.656
2019-12-11,13300.159
2019-12-18,13308.246
2019-12-25,13290.993
2020-01-01,13331.364
2020-01-08,13337.458
2020-01-15,13367.937
2020-01-22,13235.01
2020-01-29,13236.442
2020-02-05,13298.135
2020-02-12,13315.629
2020-02-19,13337.632
2020-02-26,13343.506
2020-03-04,13486.464
2020-03-11,13538.887
2020-03-18,13797.377
2020-03-25,14156.837
2020-04-01,14389.213
2020-04-08,14384.462
2020-04-15,14721.282
2020-04-22,14790.67
2020-04-29,14966.346
2020-05-06,15115.72
2020-05-13,15245.817
2020-05-20,15201.122
2020-05-27,15275.664
2020-06-03,15357.6
2020-06-10,15418.3
2020-06-17,15465.53
2020-06-24,15451.783
2020-07-01,15573.678
2020-07-08,15586.739
2020-07-15,15580.298
2020-07-22,15368.444
2020-07-29,15401.517
2020-08-05,15496.548
2020-08-12,15524.136
2020-08-19,15492.185
2020-08-26,15469.26
2020-09-02,15622.776
2020-09-09,15679.591
2020-09-16,15687.184
2020-09-23,15576.005
2020-09-30,15641.877
2020-10-07,15663.782
2020-10-14,15800.248
2020-10-21,15668.33
2020-10-28,15758.944
2020-11-04,15886.205
2020-11-11,15910.961
2020-11-18,15940.322
2020-11-25,15998.299
2020-12-02,16083.515
2020-12-09,16121.1
2020-12-16,16213.048
2020-12-23,16159.808
2020-12-30,16259.415
2021-01-06,16232.326
2021-01-13,16254.529
2021-01-20,16127.332
2021-01-27,16164.811
2021-02-03,16239.696
2021-02-10,16292.868
2021-02-17,16393.101
2021-02-24,16363.729
2021-03-03,16511.442
2021-03-10,16591.313
2021-03-17,16784.132
2021-03-24,16758.881
2021-03-31,16866.176
2021-04-07,16936.604
2021-04-14,17022.472
2021-04-21,16811.108
2021-04-28,16894.521
2021-05-05,16982.258
2021-05-12,17057.527
2021-05-19,16987.455
2021-05-26,16925.675
2021-06-02,17072.265
2021-06-09,17142.466
2021-06-16,17102.209
2021-06-23,16970.167
2021-06-30,17061.937
2021-07-07,17137.824
2021-07-14,17194.687
2021-07-21,17144.571
2021-07-28,17179.36
2021-08-04,17269.14
2021-08-11,17326.706
2021-08-18,17375.598
2021-08-25,17348.617
2021-09-01,17529.148
2021-09-08,17515.257
2021-09-15,17550.862
2021-09-22,17381.37
2021-09-29,17485.296
2021-10-06,17558.157
2021-10-13,17618.079
2021-10-20,17558.62
2021-10-27,17603.821
2021-11-03,17740.921
2021-11-10,17789.57
2021-11-17,17870.226
2021-11-24,17871.732
2021-12-01,18020.204
2021-12-08,18020.546
2021-12-15,18139.719
2021-12-22,18121.227
2021-12-29,18120.774
2022-01-05,18102.659
2022-01-12,18076.734
2022-01-19,18014.869
2022-01-26,17902.025
2022-02-02,17958.163
2022-02-09,17982.999
2022-02-16,17994.132
2022-02-23,18027.446
2022-03-02,18130.695
2022-03-09,18144.211
2022-03-16,18175.126
2022-03-23,18112.401
2022-03-30,18255.403
2022-04-06,18320.494
2022-04-13,18365.956
2022-04-20,18029.682
2022-04-27,18015.313
2022-05-04,18049.705
2022-05-11,17986.127
2022-05-18,17978.592
2022-05-25,17957.454
2022-06-01,18089.8
2022-06-08,17995.803
2022-06-15,18004.904
2022-06-22,17930.765
2022-06-29,17991.387
2022-07-06,18003.807
2022-07-13,18005.654
2022-07-20,17921.272
2022-07-27,17984.636
2022-08-03,17992.177
2022-08-10,18020.967
2022-08-17,18031.588
2022-08-24,17952.748
2022-08-31,18039.51
2022-09-07,17987.095
2022-09-14,17981.208
2022-09-21,17819.257
2022-09-28,17817.216
2022-10-05,17779.292
2022-10-12,17794.116
2022-10-19,17686.386
2022-10-26,17678.264
2022-11-02,17725.032
2022-11-09,17743.56
2022-11-16,17807.627
2022-11-23,17772.751
2022-11-30,17803.858
2022-12-07,17904.454
2022-12-14,17974.478
2022-12-21,17958.015
2022-12-28,17944.037
2023-01-04,17915.921
2023-01-11,17795.525
2023-01-18,17757.659
2023-01-25,17633.589
2023-02-01,17678.524
2023-02-08,17625.723
2023-02-15,17670.456
2023-02-22,17614.311
2023-03-01,17683.913
2023-03-08,17639.882
2023-03-15,17516.12
2023-03-22,17334.347
2023-03-29,17366.83
2023-04-05,17433.685
2023-04-12,17384.486
2023-04-19,17232.269
2023-04-26,17107.986
2023-05-03,17175.192
2023-05-10,17119.382
2023-05-17,17151.537
2023-05-24,17118.864
2023-05-31,17308.487
2023-06-07,17221.32
2023-06-14,17265.707
2023-06-21,17203.126
2023-06-28,17264.223
2023-07-05,17357.635
2023-07-12,17261.215
2023-07-19,17235.057
2023-07-26,17203.429
2023-08-02,17324.413
2023-08-09,17311.779
2023-08-16,17304.986
2023-08-23,17241.692
2023-08-30,17278.677
2023-09-06,17331.181
2023-09-13,17313.519
2023-09-20,17228.94
2023-09-27,17281.359
2023-10-04,17318.966
2023-10-11,17340.274
2023-10-18,17212.968
2023-10-25,17190.25
2023-11-01,17347.008
2023-11-08,17307.709
2023-11-15,17408.361
2023-11-22,17366.35
2023-11-29,17394.204
2023-12-06,17459.134
2023-12-13,17536.398
2023-12-20,17598.199
2023-12-27,17619.672
2024-01-03,17584.589
2024-01-10,17506.912
2024-01-17,17517.181
2024-01-24,17342.212
2024-01-31,17488.787
2024-02-07,17433.275
2024-02-14,17486.949
2024-02-21,17412.265
2024-02-28,17498.163
2024-03-06,17577.433
2024-03-13,17622.137
2024-03-20,17583.853
2024-03-27,17696.977
2024-04-03,17713.845
2024-04-10,17728.144
2024-04-17,17471.715
2024-04-24,17446.634
2024-05-01,17522.4
